link,name,price
/sh/4f6f488bf226c927x.htm#fr_page=list&fr_pos=city&fr_no=0,雪佛兰 科帕奇 2015款 2.4L 四驱旗舰版 7座,8.61
/sh/b54b5ca4da3e3ec1x.htm#fr_page=list&fr_pos=city&fr_no=1,起亚 智跑 2012款 2.0L 自动两驱版GLS,7.18
/sh/07e8e4b8af867da2x.htm#fr_page=list&fr_pos=city&fr_no=2,宝马X1 2014款 sDrive18i 时尚型,12.80
/sh/6e8a7da19a339492x.htm#fr_page=list&fr_pos=city&fr_no=3,DS 5 2013款 1.6T 雅致版THP160,8.80
/sh/73e66c1b88e7614ax.htm#fr_page=list&fr_pos=city&fr_no=4,雪佛兰 迈锐宝 2013款 2.0L 自动豪华版,5.68
/sh/0e53c21cc10c3b52x.htm#fr_page=list&fr_pos=city&fr_no=5,本田XR-V 2015款 1.8L VTi CVT豪华版,10.98
/sh/ec964d704f172ee9x.htm#fr_page=list&fr_pos=city&fr_no=6,讴歌MDX 2014款 3.5L 精英版(进口),31.80
/sh/cc6a9cc5e27dd09ax.htm#fr_page=list&fr_pos=city&fr_no=7,大众 途观 2016款 300TSI 自动四驱豪华版,13.80
/sh/b6894c8a3b62f9c5x.htm#fr_page=list&fr_pos=city&fr_no=8,凯迪拉克XTS 2015款 28T 舒适型,15.58
/sh/fa0cfd7743590bbax.htm#fr_page=list&fr_pos=city&fr_no=9,奥迪A4L 2012款 2.0 TFSI 自动标准型,10.68
/sh/4224f3c45269be63x.htm#fr_page=list&fr_pos=city&fr_no=10,MINI 2011款 1.6L COOPER Fun,6.98
/sh/f87f239832ce6c17x.htm#fr_page=list&fr_pos=city&fr_no=11,沃尔沃S80L 2011款 2.0T 智尚版,8.50
/sh/81cbd32902670824x.htm#fr_page=list&fr_pos=city&fr_no=12,现代ix25 2015款 1.6L 自动两驱智能型GLS,6.98
/sh/8e46b363546b0f73x.htm#fr_page=list&fr_pos=city&fr_no=13,福特 嘉年华 2011款 两厢 1.5L 手动时尚型,2.58
/sh/64e12b966507cc58x.htm#fr_page=list&fr_pos=city&fr_no=14,凯迪拉克ATS-L 2016款 28T 技术型,16.45
/sh/c7348e298449bafdx.htm#fr_page=list&fr_pos=city&fr_no=15,大众 帕萨特 2013款 1.8TSI DSG御尊版,9.68
/sh/caf9d34094a2c6d1x.htm#fr_page=list&fr_pos=city&fr_no=16,宝马X1 2012款 sDrive18i 豪华型,9.58
/sh/b538d0e0a56a6ecfx.htm#fr_page=list&fr_pos=city&fr_no=17,大众 帕萨特 2016款 330TSI DSG御尊版,13.79
/sh/aa2358dcacfc409fx.htm#fr_page=list&fr_pos=city&fr_no=18,福特 福克斯 2012款 两厢 1.6L 自动风尚型,5.79
/sh/fcf7103d24c9f26fx.htm#fr_page=list&fr_pos=city&fr_no=19,别克 昂科威 2016款 28T 四驱精英型,12.99
/sh/2b53bebaa75415d9x.htm#fr_page=list&fr_pos=city&fr_no=20,大众CC 2010款 2.0TSI 豪华型,8.59
/sh/eaa0f6e8143d24f6x.htm#fr_page=list&fr_pos=city&fr_no=21,福特 翼搏 2017款 1.5L 自动尊贵型,6.98
/sh/4458d8c1fda046edx.htm#fr_page=list&fr_pos=city&fr_no=22,道奇 酷搏 2010款 2.0 SXT(进口),4.98
/sh/eb8ee3357af49436x.htm#fr_page=list&fr_pos=city&fr_no=23,奔驰C级 2011款 C 200 时尚旅行版(进口),12.80
/sh/3706a659dfcdac76x.htm#fr_page=list&fr_pos=city&fr_no=24,本田CR-V 2010款 2.0L 自动四驱经典版,7.50
/sh/1f2c3ce1dde371c7x.htm#fr_page=list&fr_pos=city&fr_no=25,奔驰E级 2011款 E 300 L 优雅型,15.60
/sh/8b6e0cf81cd1d5d8x.htm#fr_page=list&fr_pos=city&fr_no=26,别克 昂科威 2016款 28T 四驱精英型,14.88
/sh/e62f8e0122fc3894x.htm#fr_page=list&fr_pos=city&fr_no=27,沃尔沃XC60 2015款 T5 AWD 智远版,18.50
/sh/d31f289c73f41067x.htm#fr_page=list&fr_pos=city&fr_no=28,奔驰C级 2015款 C 200 L 运动型,23.50
/sh/60df76f6bb368e87x.htm#fr_page=list&fr_pos=city&fr_no=29,大众 帕萨特 2014款 1.8TSI DSG御尊版,10.50
/sh/ab4c322e812d7194x.htm#fr_page=list&fr_pos=city&fr_no=30,别克GL8 2014款 2.4L 行政版,10.53
/sh/e35adf97019a80f3x.htm#fr_page=list&fr_pos=city&fr_no=31,别克 英朗 2015款 15N 自动精英型,5.60
/sh/9b60837838964d8cx.htm#fr_page=list&fr_pos=city&fr_no=32,英菲尼迪G系列 2013款 G25 Sedan 豪华运动版(进口),15.90
/sh/069d32484245bfb5x.htm#fr_page=list&fr_pos=city&fr_no=33,雪铁龙C4L 2014款 1.6THP 智驱版 自动劲智型,5.88
/sh/2afb7dd5399700eex.htm#fr_page=list&fr_pos=city&fr_no=34,福特 探险者 2016款 2.3T 精英版(进口),29.20
/sh/cd25cff492f6b820x.htm#fr_page=list&fr_pos=city&fr_no=35,大众 凌渡 2017款 280TSI DSG舒适版,11.45
/sh/64b72cfc02046d78x.htm#fr_page=list&fr_pos=city&fr_no=36,别克 凯越 2013款 1.5L 自动经典型,3.88
/sh/7f2c859d2f555a1bx.htm#fr_page=list&fr_pos=city&fr_no=37,奔驰E级 2015款 改款 E 260 L 运动型,27.58
/sh/afb02b1841f57537x.htm#fr_page=list&fr_pos=city&fr_no=38,英菲尼迪ESQ 2014款 1.6L 率性版(进口),11.98
/sh/c65b6f9c645e4d30x.htm#fr_page=list&fr_pos=city&fr_no=39,大众 高尔夫 2019款 280TSI DSG舒适型 国V,11.55
/sh/482e7df7eff993bdx.htm#fr_page=list&fr_pos=city&fr_no=0,马自达6 2013款 2.0L 自动超豪华型,7.58
/sh/4e5082f9e7cde89ex.htm#fr_page=list&fr_pos=city&fr_no=1,大众 途观 2013款 1.8TSI 手动两驱风尚版,7.88
/sh/f7c82239518fd0d0x.htm#fr_page=list&fr_pos=city&fr_no=2,马自达CX-4 2020款 2.0L 自动两驱蓝天领先版,15.28
/sh/e143335a3ddc5671x.htm#fr_page=list&fr_pos=city&fr_no=3,林肯大陆 2019款 2.0T 两驱尊雅版 国VI,29.90
/sh/95a7e4280ee768f4x.htm#fr_page=list&fr_pos=city&fr_no=4,别克GL8 2014款 2.4L CT豪华商务舒适版,16.30
/sh/5854ee69247df07ax.htm#fr_page=list&fr_pos=city&fr_no=5,别克 威朗 2017款 三厢 15S 自动领先型,7.59
/sh/6f8c8247db86b497x.htm#fr_page=list&fr_pos=city&fr_no=6,大众 朗逸 2013款 改款经典 1.6L 自动风尚版,5.50
/sh/deeaa4f14a230d48x.htm#fr_page=list&fr_pos=city&fr_no=7,大众 途观 2013款 1.8TSI 自动两驱豪华型,10.68
/sh/a4c9064af4e1fe63x.htm#fr_page=list&fr_pos=city&fr_no=8,大众 途观 2015款 1.8TSI 自动两驱舒适版,10.06
/sh/ebc4011df16b662ex.htm#fr_page=list&fr_pos=city&fr_no=9,雪佛兰 迈锐宝 2014款 1.6T 自动舒适版,5.98
/sh/1820fc806f58c57ax.htm#fr_page=list&fr_pos=city&fr_no=10,领克01新能源 2018款 1.5T PHEV 劲Pro 国V,16.50
/sh/32ade0a6ed3e8f23x.htm#fr_page=list&fr_pos=city&fr_no=11,宝马X4 2014款 xDrive20i X设计套装(进口),27.80
/sh/4a51b493f272824ex.htm#fr_page=list&fr_pos=city&fr_no=12,宝马3系 2013款 316i 进取型,14.30
/sh/c6daf8134aef126bx.htm#fr_page=list&fr_pos=city&fr_no=13,宝马X1 2016款 sDrive18Li 时尚型,16.80
/sh/9c22cc39716cae5ax.htm#fr_page=list&fr_pos=city&fr_no=14,宝马5系 2014款 525Li 领先型,27.80
/sh/f2ffa2edd5ac1969x.htm#fr_page=list&fr_pos=city&fr_no=15,宝马1系 2008款 120i 自动挡(进口),6.50
/sh/3086f499ae715ec1x.htm#fr_page=list&fr_pos=city&fr_no=16,大众 凌渡 2015款 280TSI DSG舒适版,9.58
/sh/6e22ee0d3a343a4ex.htm#fr_page=list&fr_pos=city&fr_no=17,宝马3系 2018款 330i M运动曜夜版,31.80
/sh/86e8ca068249ae30x.htm#fr_page=list&fr_pos=city&fr_no=18,荣威350 2012款 1.5L 自动智享超值版,2.88
/sh/402a646e31eb0aadx.htm#fr_page=list&fr_pos=city&fr_no=19,奥迪Q3 2017款 35 TFSI 时尚型,17.60
/sh/8b8e47dd383d57ccx.htm#fr_page=list&fr_pos=city&fr_no=20,现代 领动 2018款 1.4T 双离合炫动·活力型,8.30
/sh/0652949fd742536fx.htm#fr_page=list&fr_pos=city&fr_no=21,别克GL8 2011款 3.0L GT豪华商务豪雅版,12.18
/sh/8ca425bdd105bb73x.htm#fr_page=list&fr_pos=city&fr_no=22,雪佛兰 迈锐宝 2018款 530T 自动豪华版,9.59
/sh/015f46396d6916b1x.htm#fr_page=list&fr_pos=city&fr_no=23,斯柯达 柯迪亚克 2018款 TSI330 5座两驱舒适版,12.59
/sh/acea775eee79c1b3x.htm#fr_page=list&fr_pos=city&fr_no=24,保时捷Macan 2016款 Macan S 3.0T,41.98
/sh/1389b361fd87e79ax.htm#fr_page=list&fr_pos=city&fr_no=25,斯巴鲁XV 2012款 2.0i 豪华版,10.30
/sh/48122c925d551a38x.htm#fr_page=list&fr_pos=city&fr_no=26,日产 逍客 2019款 2.0L CVT豪华版,13.68
/sh/2608395ac9fcaf6ex.htm#fr_page=list&fr_pos=city&fr_no=27,奔驰GLK级 2015款 GLK 260 4MATIC 动感型 极致版,20.99
/sh/845bfa59ef94c19dx.htm#fr_page=list&fr_pos=city&fr_no=28,沃尔沃V40 2013款 2.0T 智雅版(进口),9.20
/sh/619af62e5567d45dx.htm#fr_page=list&fr_pos=city&fr_no=29,别克 君越 2011款 2.4L SIDI豪雅版,6.28
/sh/ad15a00c0681574bx.htm#fr_page=list&fr_pos=city&fr_no=30,奔驰CLA级 2018款 CLA 200 动感型(进口),22.98
/sh/b3acbde3113630b4x.htm#fr_page=list&fr_pos=city&fr_no=31,大众POLO 2018款 1.5L 手动安驾型,5.98
/sh/bb27ffd018eb7ebfx.htm#fr_page=list&fr_pos=city&fr_no=32,奔驰C级 2016款 C 200 运动版,23.20
/sh/cb81eba972df6c76x.htm#fr_page=list&fr_pos=city&fr_no=33,宝马X1 2014款 sDrive18i 领先型,12.35
/sh/bb82543e678ac3a9x.htm#fr_page=list&fr_pos=city&fr_no=34,大众POLO 2013款 1.4L 自动舒适版,4.86
/sh/839268e345ee8792x.htm#fr_page=list&fr_pos=city&fr_no=35,比亚迪S7 2015款 2.0T 自动尊贵型,5.80
/sh/3ebfcd2d88c04d4ex.htm#fr_page=list&fr_pos=city&fr_no=36,沃尔沃S60L 2017款 T3 智进版,13.26
/sh/0d8e0ba1b8a13127x.htm#fr_page=list&fr_pos=city&fr_no=37,奥迪A3 2014款 Limousine 35 TFSI 自动舒适型,13.59
/sh/76b2b8252e4dd039x.htm#fr_page=list&fr_pos=city&fr_no=38,长安CX20 2011款 1.3L 手动运动版,1.80
/sh/bcf54abb03a45ee4x.htm#fr_page=list&fr_pos=city&fr_no=39,奥迪Q5 2012款 2.0TFSI 技术型,15.98
/sh/82b70edb72a528aax.htm#fr_page=list&fr_pos=city&fr_no=0,奔驰GLK级 2013款 GLK 300 4MATIC 动感天窗型,21.80
/sh/e513d9ec5941baa5x.htm#fr_page=list&fr_pos=city&fr_no=1,宝马X1新能源 2018款 xDrive25Le 豪华型,27.58
/sh/7a07d6ec06ba9ae0x.htm#fr_page=list&fr_pos=city&fr_no=2,奇瑞A3 2010款 改款三厢 1.6L 手动进取型,0.98
/sh/d58dd96f81459853x.htm#fr_page=list&fr_pos=city&fr_no=3,奔驰E级 2014款 E 200 轿跑版(进口),25.99
/sh/40e40494e1cbaefdx.htm#fr_page=list&fr_pos=city&fr_no=4,宝马X1 2012款 sDrive18i豪华型(进口),11.38
/sh/fa8d1a7ed0c0f900x.htm#fr_page=list&fr_pos=city&fr_no=5,奥迪Q5 2015款 40 TFSI 进取型,19.38
/sh/23e33c2469886172x.htm#fr_page=list&fr_pos=city&fr_no=6,斯柯达 速派 2013款 1.4TSI DSG名仕版,6.88
/sh/850cfb23c6630e3cx.htm#fr_page=list&fr_pos=city&fr_no=7,奔驰B级 2009款 B 200 时尚型(进口),7.59
/sh/22f60e2fbf12e24dx.htm#fr_page=list&fr_pos=city&fr_no=8,大众 桑塔纳 2015款 1.6L 手动舒适版,4.49
/sh/e0dbd1c570477b7fx.htm#fr_page=list&fr_pos=city&fr_no=9,荣威eRX5 2017款 eRX5 50T 混动互联尊荣旗舰版,12.10
/sh/9ebc21d12abca099x.htm#fr_page=list&fr_pos=city&fr_no=10,大众 高尔夫 2012款 1.4TSI 豪华敞篷版(进口),13.50
/sh/6b50e0b758212d76x.htm#fr_page=list&fr_pos=city&fr_no=11,DS 5LS 2014款 1.8L 自动舒适版VTi140,5.88
/sh/a68f0b46128dccccx.htm#fr_page=list&fr_pos=city&fr_no=12,大众 捷达 2015款 1.6L 自动舒适型,5.68
/sh/f17aadc9c4bcd7efx.htm#fr_page=list&fr_pos=city&fr_no=13,路虎 发现神行 2018款 240PS SE版,24.28
/sh/c3d4ffb6f3142af5x.htm#fr_page=list&fr_pos=city&fr_no=14,大众 途锐 2011款 3.0TSI 高配型(进口),22.80
/sh/b8e2948abd45cb62x.htm#fr_page=list&fr_pos=city&fr_no=15,奥迪A6L 2019款 45 TFSI 臻选动感型,35.98
/sh/767b7f7e52525713x.htm#fr_page=list&fr_pos=city&fr_no=16,别克 君越 2013款 2.4L SIDI领先舒适型,11.75
/sh/14e8f76a2e6de97ax.htm#fr_page=list&fr_pos=city&fr_no=17,本田 歌诗图 2012款 2.4L 尊享版,9.40
/sh/a21044fd5226bd96x.htm#fr_page=list&fr_pos=city&fr_no=18,奔驰B级 2009款 B 200 豪华型(进口),6.48
/sh/5ad56b5e875546c4x.htm#fr_page=list&fr_pos=city&fr_no=19,保时捷Macan 2018款 Macan 2.0T,60.80
/sh/5e33e574f121d8f6x.htm#fr_page=list&fr_pos=city&fr_no=20,奔驰GLK级 2008款 GLK 300 4MATIC 豪华型(进口),12.68
/sh/dc663810f206dfbcx.htm#fr_page=list&fr_pos=city&fr_no=21,奔驰GLA级 2016款 GLA 220 4MATIC 时尚型,18.50
/sh/aaa69dce0e0ffb35x.htm#fr_page=list&fr_pos=city&fr_no=22,荣威RX5 2016款 20T 两驱自动互联网智享版,7.98
/sh/58f87cc07aa12d73x.htm#fr_page=list&fr_pos=city&fr_no=23,奥迪A4L 2017款 Plus 40 TFSI 进取型,21.80
/sh/9eac9e188ac3d71fx.htm#fr_page=list&fr_pos=city&fr_no=24,宝马3系 2019款 320i M运动套装,25.80
/sh/65e707a0a371bfa0x.htm#fr_page=list&fr_pos=city&fr_no=25,奔驰C级 2015款 改款 C 200 L,21.50
/sh/7e6f2b5d760c2848x.htm#fr_page=list&fr_pos=city&fr_no=26,福特 蒙迪欧-致胜 2011款 2.0L GTDi200豪华型,5.99
/sh/483030eb5d6c8bf0x.htm#fr_page=list&fr_pos=city&fr_no=27,雷克萨斯RX 2016款 300 四驱豪华版 国V,44.90
/sh/c0e0a4f75c19de17x.htm#fr_page=list&fr_pos=city&fr_no=28,福特 蒙迪欧新能源 2018款 2.0 PHEV 智尊旗舰型,15.50
/sh/41c12af1c7fa2f3bx.htm#fr_page=list&fr_pos=city&fr_no=29,纳智捷 优6 SUV 2014款 2.0T 智尊型,5.80
/sh/c933bd2d606acce3x.htm#fr_page=list&fr_pos=city&fr_no=30,福特 锐界 2016款 EcoBoost 245 两驱精锐型 5座,15.28
/sh/482cee780b78e257x.htm#fr_page=list&fr_pos=city&fr_no=31,奔驰B级 2012款 B 200(进口),11.98
/sh/2de16094effa0e9ex.htm#fr_page=list&fr_pos=city&fr_no=32,别克GL8 2014款 2.4L 经典版,10.80
/sh/49acbc3169a4c2ffx.htm#fr_page=list&fr_pos=city&fr_no=33,本田 艾力绅 2019款 2.0L 混动至尊版,31.28
/sh/0946ab85f0b86ca4x.htm#fr_page=list&fr_pos=city&fr_no=34,路虎 神行者2 2010款 3.2 i6 自动HSE汽油版(进口),13.27
/sh/0928312cd27c276ex.htm#fr_page=list&fr_pos=city&fr_no=35,大众POLO 2012款 1.4TSI GTI,6.60
/sh/adfd8fd4da8e915cx.htm#fr_page=list&fr_pos=city&fr_no=36,大众 桑塔纳 2015款 1.6L 自动舒适版,6.38
/sh/300b8d86372aa672x.htm#fr_page=list&fr_pos=city&fr_no=37,比亚迪 宋新能源 2017款 宋DM 1.5TID 全时四驱豪华型,11.50
/sh/a8e10bc8872d4438x.htm#fr_page=list&fr_pos=city&fr_no=38,大众 朗逸 2018款 1.5L 自动舒适版 国V,10.05
/sh/80a78c2ac376f266x.htm#fr_page=list&fr_pos=city&fr_no=39,别克 昂科威 2017款 20T 两驱精英型,13.78
/xa/f87ba6b531510c46x.htm#fr_page=list&fr_pos=city&fr_no=0,大众 朗逸 2013款 改款经典 1.6L 自动舒适版,6.30
/dezhou/f023ac9f92d60595x.htm#fr_page=list&fr_pos=city&fr_no=1,现代 全新胜达 2013款 2.4L 自动两驱智能型,8.70
/ty/cfe7bf479310cde7x.htm#fr_page=list&fr_pos=city&fr_no=2,福特 福睿斯 2015款 1.5L 手动舒适型,5.60
/dl/1609e2e39514059ex.htm#fr_page=list&fr_pos=city&fr_no=3,福特 福睿斯 2015款 1.5L 手动舒适型,4.80
/dl/6931ad2e901de5e6x.htm#fr_page=list&fr_pos=city&fr_no=4,日产 轩逸 2016款 1.6XL  CVT尊享版,8.70
/sy/4703d691824a4582x.htm#fr_page=list&fr_pos=city&fr_no=5,大众 朗行 2015款 1.6L 自动风尚版,7.35
/dl/2a2b396348d750f5x.htm#fr_page=list&fr_pos=city&fr_no=6,奔腾X80 2013款 2.0L 手动豪华型,4.50
/sjz/f8ba179573e23a6fx.htm#fr_page=list&fr_pos=city&fr_no=7,大众 速腾 2015款 1.6L 自动舒适型,9.20
/baoding/06776fa92d763f81x.htm#fr_page=list&fr_pos=city&fr_no=8,雪铁龙 世嘉 2013款 三厢 1.6L 手动品尚型,3.90
/ty/a6360b6153421248x.htm#fr_page=list&fr_pos=city&fr_no=9,沃尔沃XC60 2011款 2.0T R-Design 个性运动版(进口),11.50
/suqian/57c2916dd030d5fex.htm#fr_page=list&fr_pos=city&fr_no=10,奔腾B50 2009款 1.6 手动豪华型,1.90
/dl/b8415e894cbc29b1x.htm#fr_page=list&fr_pos=city&fr_no=11,日产 骊威 2010款 劲锐版 1.6L 手动标准型,3.50
/cq/921a3b1c59db0bf8x.htm#fr_page=list&fr_pos=city&fr_no=12,铃木 启悦 2015款 1.6L 手动舒享型,4.38
/handan/62c55c1a5305d284x.htm#fr_page=list&fr_pos=city&fr_no=13,大众 途观 2012款 1.8TSI 自动四驱菁英版,8.80
/yancheng/74d1098d400dd799x.htm#fr_page=list&fr_pos=city&fr_no=14,奥迪A6L 2012款 TFSI 舒适型,19.50
/cq/1b322f7333b846a0x.htm#fr_page=list&fr_pos=city&fr_no=15,哈弗H6 2015款 升级版 1.5T 手动两驱精英型,4.58
/tj/fa5723d550bf686fx.htm#fr_page=list&fr_pos=city&fr_no=16,宝马5系 2014款 525Li 豪华设计套装,24.80
/yancheng/46710ce0164e0ac3x.htm#fr_page=list&fr_pos=city&fr_no=17,雪佛兰 科帕奇 2015款 2.4L 四驱旗舰版 7座,8.80
/ty/57d5a9710b596a02x.htm#fr_page=list&fr_pos=city&fr_no=18,长安CS35 2017款 1.6L 自动豪华型,6.50
/dezhou/deab8fa33e10e536x.htm#fr_page=list&fr_pos=city&fr_no=19,斯柯达 昕锐 2015款 1.6L 手动乐选型,4.50
/cq/a46a15a1b8f00e27x.htm#fr_page=list&fr_pos=city&fr_no=20,长安欧尚 欧尚A600 2018款 1.6L 自动豪华型,5.78
/sy/6a39a45f8c1a159bx.htm#fr_page=list&fr_pos=city&fr_no=21,日产 轩逸 2016款 经典 1.6XE 自动领先版,7.18
/sy/c3d37aa46eb73927x.htm#fr_page=list&fr_pos=city&fr_no=22,大众 朗逸 2017款 1.6L 手动风尚版,6.75
/cq/1250ab5c1fdd9213x.htm#fr_page=list&fr_pos=city&fr_no=23,Jeep 自由侠 2018款 互联大屏版 180T 自动动能版+,8.38
/nc/0d56c382cc2c7002x.htm#fr_page=list&fr_pos=city&fr_no=24,福特 福睿斯 2019款 1.5L 自动悦享型,7.18
/tj/94c1d42434c9b8bex.htm#fr_page=list&fr_pos=city&fr_no=25,捷豹XF 2015款 XF 2.0T 风华版,24.88
/su/2aa5cabbe216d0b8x.htm#fr_page=list&fr_pos=city&fr_no=26,大众 高尔夫 2014款 1.6L 自动舒适型,9.60
/ty/ed521c8cc7a04060x.htm#fr_page=list&fr_pos=city&fr_no=27,吉利 远景 2018款 1.5L 手动幸福版,4.80
/jn/7de985be98567a5ax.htm#fr_page=list&fr_pos=city&fr_no=28,奥迪Q3 2015款 35 TFSI quattro百万纪念进享型,15.98
/ty/2183dd80cf1ab615x.htm#fr_page=list&fr_pos=city&fr_no=29,沃尔沃XC90 2013款 2.5T T5 豪华升级版(进口),19.50
/sjz/0051a576386d152fx.htm#fr_page=list&fr_pos=city&fr_no=30,福田 蒙派克E 2017款 2.0L新快运长轴4Q20M,5.48
/hz/b2c92c4e69849714x.htm#fr_page=list&fr_pos=city&fr_no=31,宝马X6 2009款 xDrive35i(进口),19.50
/tj/9e6526eeac1d609ex.htm#fr_page=list&fr_pos=city&fr_no=32,日产 天籁 2016款 改款 2.0L XL舒适版,15.48
/cc/9cbbdcb214d57119x.htm#fr_page=list&fr_pos=city&fr_no=33,奔驰C级 2015款 改款 C 200 L 运动型,22.00
/cd/3769c84e1f5ebe8dx.htm#fr_page=list&fr_pos=city&fr_no=34,本田 思域 2013款 十周年纪念 1.8L 自动豪华版,7.18
/sjz/b26a1fe9f1b0e434x.htm#fr_page=list&fr_pos=city&fr_no=35,比亚迪F3 2020款 1.5L 手动经典型,3.88
/dezhou/a10b79da94b7e5a3x.htm#fr_page=list&fr_pos=city&fr_no=36,哈弗H6 2015款 改款 运动版 1.5T 手动两驱精英型,5.78
/sy/1f8831253dbcc4cex.htm#fr_page=list&fr_pos=city&fr_no=37,日产 帕拉丁 2013款 2.4L 四驱标准型 国V,8.98
/tj/5673601e6bb951f5x.htm#fr_page=list&fr_pos=city&fr_no=38,本田 缤智 2017款 1.5L CVT两驱舒适型,9.88
/tangshan/f08dd586b5c590b2x.htm#fr_page=list&fr_pos=city&fr_no=39,本田 艾力绅 2016款 2.4L 至尊版,26.90
/zz/286eb35ba69f1733x.htm#fr_page=list&fr_pos=city&fr_no=0,日产 天籁 2016款 改款 2.0L XL舒适版,13.80
/langfang/c0b46dd2595baeb9x.htm#fr_page=list&fr_pos=city&fr_no=1,雪佛兰 2015款 赛欧3 1.5L 手动幸福版,4.50
/qd/a80899a141a29dcfx.htm#fr_page=list&fr_pos=city&fr_no=2,本田CR-V 2013款 2.4L 四驱豪华版,13.80
/yuncheng/ad2430b42c28e2f1x.htm#fr_page=list&fr_pos=city&fr_no=3,大众POLO 2016款 1.4L 自动风尚型,6.60
/dezhou/433fdd8dcb5dd365x.htm#fr_page=list&fr_pos=city&fr_no=4,福特 福克斯 2013款 两厢经典 1.8L 手动基本型,3.40
/tangshan/144cb0c233c4199bx.htm#fr_page=list&fr_pos=city&fr_no=5,领克02 2018款 2.0T 自动两驱劲Pro版 国VI,15.50
/cd/05c656e1a81b6ca6x.htm#fr_page=list&fr_pos=city&fr_no=6,丰田 普拉多 2.7L 自动 TX-L 中东版,32.98
/sy/58aa69bc38d6102cx.htm#fr_page=list&fr_pos=city&fr_no=7,日产 奇骏 2020款 2.0L CVT智联舒适版 2WD,16.68
/sjz/63e045807b544f67x.htm#fr_page=list&fr_pos=city&fr_no=8,别克GL8 2020款 陆上公务舱 652T 尊贵型,28.88
/cd/80d16ea9b59392c2x.htm#fr_page=list&fr_pos=city&fr_no=9,别克GL8 2017款 25S 豪华型 国V,20.00
/wh/9c0354341203fb41x.htm#fr_page=list&fr_pos=city&fr_no=10,荣威RX5 2016款 20T 两驱自动互联网智享版,8.38
/baoding/14e8693ee5d480f7x.htm#fr_page=list&fr_pos=city&fr_no=11,本田 奥德赛 2015款 改款 2.4L 智酷版,25.50
/cs/ddb2e10c44b5ab69x.htm#fr_page=list&fr_pos=city&fr_no=12,大众 迈腾 2020款 330TSI DSG 领先型,19.28
/baoding/d70c416f96bd3ed7x.htm#fr_page=list&fr_pos=city&fr_no=13,Jeep 自由光 2017款 2.4L 领先版智能包,14.38
/su/aef84f68bf41b2ddx.htm#fr_page=list&fr_pos=city&fr_no=14,日产 途乐 2017款 4.0L 铂金版 （平行进口 美规）,49.80
/dl/310c6dd1b0e6034ax.htm#fr_page=list&fr_pos=city&fr_no=15,日产 天籁 2016款 改款 2.0L XL舒适版,12.80
/yancheng/8b12a2ffaaa8302fx.htm#fr_page=list&fr_pos=city&fr_no=16,别克 君威 2017款 20T 豪华型,12.80
/wh/b134ca2a93ae050ex.htm#fr_page=list&fr_pos=city&fr_no=17,福特 撼路者 2017款 2.0T 汽油自动四驱菁英版 5座,17.58
/wh/2ee4f114f3ec38f5x.htm#fr_page=list&fr_pos=city&fr_no=18,MG 锐腾 2017款 20T 自动豪华版,7.38
/dl/eec0c7fd9f8f9b6fx.htm#fr_page=list&fr_pos=city&fr_no=19,别克 君威 2017款 20T 精英型,12.80
/cc/3eddbab3750ede89x.htm#fr_page=list&fr_pos=city&fr_no=20,大众 迈腾 2017款 330TSI DSG 豪华型,16.50
/cq/08ab180f623ee8e8x.htm#fr_page=list&fr_pos=city&fr_no=21,哈弗F7x 2019款 2.0T 两驱极智潮玩版,11.58
/baoding/67ea229eff28566cx.htm#fr_page=list&fr_pos=city&fr_no=22,奔驰C级 2016款 C 180 L 运动型,22.50
/zz/4d597bc7c3d18986x.htm#fr_page=list&fr_pos=city&fr_no=23,领克03 2019款 03+ 2.0TD 自动驭风版,19.20
/baoding/bfe3cd18c90fd8d6x.htm#fr_page=list&fr_pos=city&fr_no=24,大众 途观L 2018款 330TSI 自动两驱豪华版,19.38
/cc/e5c61910967748c2x.htm#fr_page=list&fr_pos=city&fr_no=25,宝马3系 2018款 320Li 时尚型,23.60
/cc/574d32b6c250c316x.htm#fr_page=list&fr_pos=city&fr_no=26,奥迪A6L 2018款 30周年年型 TFSI 进取型,28.30
/baoding/fc2055a351e8d864x.htm#fr_page=list&fr_pos=city&fr_no=27,吉利 博瑞 2017款 1.8T 旗舰型,8.98
/tangshan/02f4ad7f60a5c0d2x.htm#fr_page=list&fr_pos=city&fr_no=28,传祺GM6 2019款 270T 自动尊享版（七座）国VI,13.20
/dl/ca7ccbc87c667134x.htm#fr_page=list&fr_pos=city&fr_no=29,北京BJ40 2018款 PLUS 2.3T 自动四驱旗舰版 国V,15.20
/wei/593bcd3aedf395bcx.htm#fr_page=list&fr_pos=city&fr_no=30,江淮 瑞风M5 2019款 2.0T 汽油双离合商务版,9.30
/cs/87073686e853468bx.htm#fr_page=list&fr_pos=city&fr_no=31,保时捷Cayenne 2016款 Cayenne 3.0T,68.88
/zibo/82d4aa3513e32be0x.htm#fr_page=list&fr_pos=city&fr_no=32,凯迪拉克XT5 2020款 28T 四驱铂金运动版,31.80
/jilin/64aebcece688a1e7x.htm#fr_page=list&fr_pos=city&fr_no=33,英菲尼迪Q70L 2013款 Q70L 2.5L 舒适版(进口),20.98
/ty/6b4c8d3ba65a7cc8x.htm#fr_page=list&fr_pos=city&fr_no=34,东南 V3菱悦 2014款 1.5L 手动精明版,3.50
/zhangjiakou/d4ce5b86082ff50fx.htm#fr_page=list&fr_pos=city&fr_no=35,荣威RX5 2018款 20T 两驱自动旗舰版,7.90
/jn/973dabb8b309df28x.htm#fr_page=list&fr_pos=city&fr_no=36,大众 宝来 2013款 1.6L 自动舒适型,5.30
/yancheng/e681cfbd760740a0x.htm#fr_page=list&fr_pos=city&fr_no=37,传祺GS8 2017款 320T 两驱豪华智联版（七座）,13.80
/dezhou/3d0d19b4e73342bex.htm#fr_page=list&fr_pos=city&fr_no=38,传祺GS8 2020款 390T 两驱豪华智联版（七座）,16.50
/hrb/2441e176f3db9707x.htm#fr_page=list&fr_pos=city&fr_no=39,雪佛兰 科鲁兹 2011款 1.6L SE AT,3.30
